/*
 Navicat Premium Data Transfer

 Source Server         : phpstudy57
 Source Server Type    : MySQL
 Source Server Version : 50726
 Source Host           : localhost:3310
 Source Schema         : tcc_docker

 Target Server Type    : MySQL
 Target Server Version : 50726
 File Encoding         : 65001

 Date: 19/02/2022 21:44:29
*/

SET NAMES utf8mb4;
SET FOREIGN_KEY_CHECKS = 0;

-- ----------------------------
-- Table structure for sys_menu
-- ----------------------------
DROP TABLE IF EXISTS `sys_menu`;
CREATE TABLE `sys_menu`  (
  `id` bigint(10) UNSIGNED NOT NULL AUTO_INCREMENT,
  `parent_id` bigint(10) UNSIGNED NOT NULL DEFAULT 0 COMMENT '父菜单id',
  `menu_name` varchar(255) CHARACTER SET utf8 COLLATE utf8_general_ci NOT NULL COMMENT '菜单名称',
  `type` tinyint(4) NOT NULL DEFAULT 0 COMMENT '0-菜单组，1-功能菜单；菜单组下没有可访问功能菜单时不显示',
  `description` varchar(255) CHARACTER SET utf8 COLLATE utf8_general_ci NULL DEFAULT NULL COMMENT '菜单功能描述',
  `path` varchar(255) CHARACTER SET utf8 COLLATE utf8_general_ci NULL DEFAULT NULL COMMENT '菜单路径',
  `extra_path` varchar(255) CHARACTER SET utf8 COLLATE utf8_general_ci NULL DEFAULT NULL COMMENT '额外赋予权限的路径（部分功能需要切换页面）',
  `menu_icon` varchar(255) CHARACTER SET utf8 COLLATE utf8_general_ci NULL DEFAULT NULL COMMENT '在菜单中显示的图标（对非菜单功能无效）',
  `new_window` tinyint(1) NULL DEFAULT 0 COMMENT '是否弹出新窗口',
  `sort` int(11) UNSIGNED NOT NULL DEFAULT 0 COMMENT '排序顺序',
  `gmt_create` datetime(0) NULL DEFAULT CURRENT_TIMESTAMP(0),
  `gmt_modified` datetime(0) NULL DEFAULT CURRENT_TIMESTAMP(0) ON UPDATE CURRENT_TIMESTAMP(0),
  PRIMARY KEY (`id`) USING BTREE
) ENGINE = InnoDB AUTO_INCREMENT = 14 CHARACTER SET = utf8 COLLATE = utf8_general_ci COMMENT = '菜单表\r\n\r\n\r\n' ROW_FORMAT = DYNAMIC;

-- ----------------------------
-- Records of sys_menu
-- ----------------------------
INSERT INTO `sys_menu` VALUES (1, 0, '首页', 1, '首页', '/', '', 'el-icon-s-home', 0, 1, '2020-10-14 16:41:34', '2021-01-26 11:14:01');
INSERT INTO `sys_menu` VALUES (2, 0, '系统管理', 0, '系统管理', '/system', '', '', 0, 1, '2020-10-14 17:10:14', '2021-01-29 10:08:13');
INSERT INTO `sys_menu` VALUES (3, 2, '用户管理', 1, '用户管理', '/system/userAdmin', '', '', 0, 2, '2020-10-15 08:49:21', '2021-01-29 10:06:40');
INSERT INTO `sys_menu` VALUES (4, 2, '角色管理', 1, '角色管理', '/system/roleAdmin', '', '', 0, 2, '2020-10-15 08:49:47', '2021-01-26 11:14:35');
INSERT INTO `sys_menu` VALUES (5, 2, '部门管理', 1, '部门管理', '/system/departAdmin', '', '', 0, 2, '2020-10-15 08:54:21', '2021-01-29 10:06:44');
INSERT INTO `sys_menu` VALUES (6, 2, '菜单管理', 1, '菜单管理', '/system/menuAdmin', '', '', 0, 2, '2020-10-15 08:54:44', '2021-01-29 10:06:49');
INSERT INTO `sys_menu` VALUES (7, 2, '权限管理', 1, '权限管理', '/system/permissionAdmin', '', '', 0, 2, '2020-10-15 08:55:05', '2021-01-29 10:06:53');
INSERT INTO `sys_menu` VALUES (8, 0, '示例', 0, '', '/simple', '', '', 0, 1, '2021-01-15 08:33:00', '2021-01-29 10:08:20');
INSERT INTO `sys_menu` VALUES (11, 0, '任务管理', 0, '', '/tasks', NULL, '', 0, 1, '2021-02-02 09:21:54', '2021-02-02 09:21:54');
INSERT INTO `sys_menu` VALUES (12, 0, '消费者', 1, '消费者', '/consumer', NULL, NULL, 0, 2, '2022-02-19 12:39:40', '2022-02-19 12:39:44');
INSERT INTO `sys_menu` VALUES (13, 0, '提供者', 1, '提供者', '/provider', NULL, NULL, 0, 1, '2022-02-19 21:29:50', '2022-02-19 21:30:03');

-- ----------------------------
-- Table structure for sys_menu_permission
-- ----------------------------
DROP TABLE IF EXISTS `sys_menu_permission`;
CREATE TABLE `sys_menu_permission`  (
  `id` bigint(20) UNSIGNED NOT NULL AUTO_INCREMENT,
  `menu_id` bigint(20) UNSIGNED NOT NULL,
  `permission_id` bigint(20) UNSIGNED NOT NULL,
  `gmt_create` datetime(0) NULL DEFAULT CURRENT_TIMESTAMP(0),
  `gmt_modified` datetime(0) NULL DEFAULT CURRENT_TIMESTAMP(0) ON UPDATE CURRENT_TIMESTAMP(0),
  PRIMARY KEY (`id`) USING BTREE,
  UNIQUE INDEX `uk_menu_permission`(`menu_id`, `permission_id`) USING BTREE
) ENGINE = InnoDB AUTO_INCREMENT = 7 CHARACTER SET = utf8 COLLATE = utf8_general_ci ROW_FORMAT = DYNAMIC;

-- ----------------------------
-- Records of sys_menu_permission
-- ----------------------------
INSERT INTO `sys_menu_permission` VALUES (1, 3, 2, '2020-10-19 09:55:48', '2021-01-26 11:19:49');
INSERT INTO `sys_menu_permission` VALUES (2, 3, 4, '2020-10-19 09:55:48', '2021-01-26 11:19:51');
INSERT INTO `sys_menu_permission` VALUES (3, 3, 5, '2020-10-20 09:02:53', '2021-01-26 11:19:52');
INSERT INTO `sys_menu_permission` VALUES (4, 3, 6, '2021-01-27 14:01:26', '2021-01-27 14:01:26');
INSERT INTO `sys_menu_permission` VALUES (5, 12, 8, '2022-02-19 12:40:53', '2022-02-19 12:40:53');
INSERT INTO `sys_menu_permission` VALUES (6, 13, 9, '2022-02-19 21:17:58', '2022-02-19 21:30:14');

-- ----------------------------
-- Table structure for sys_permission
-- ----------------------------
DROP TABLE IF EXISTS `sys_permission`;
CREATE TABLE `sys_permission`  (
  `id` bigint(20) UNSIGNED NOT NULL AUTO_INCREMENT,
  `name` varchar(255) CHARACTER SET utf8 COLLATE utf8_general_ci NOT NULL COMMENT '接口权限名称',
  `path` varchar(255) CHARACTER SET utf8 COLLATE utf8_general_ci NOT NULL COMMENT '接口路径',
  `method` varchar(255) CHARACTER SET utf8 COLLATE utf8_general_ci NOT NULL COMMENT 'GET，POST，PUT，DELETE等',
  `gmt_create` datetime(0) NULL DEFAULT CURRENT_TIMESTAMP(0),
  `gmt_modified` datetime(0) NULL DEFAULT CURRENT_TIMESTAMP(0) ON UPDATE CURRENT_TIMESTAMP(0),
  PRIMARY KEY (`id`) USING BTREE
) ENGINE = InnoDB AUTO_INCREMENT = 10 CHARACTER SET = utf8 COLLATE = utf8_general_ci ROW_FORMAT = DYNAMIC;

-- ----------------------------
-- Records of sys_permission
-- ----------------------------
INSERT INTO `sys_permission` VALUES (1, '系统管理', '', '', '2020-10-16 16:59:24', '2021-01-26 11:16:47');
INSERT INTO `sys_permission` VALUES (2, '新增用户', '/users', 'POST', '2020-10-16 17:03:20', '2021-01-26 11:19:17');
INSERT INTO `sys_permission` VALUES (3, '用户', '', '', '2020-10-16 17:03:31', '2021-01-26 11:19:24');
INSERT INTO `sys_permission` VALUES (4, '修改用户', '/users/*', 'PUT', '2020-10-16 17:04:11', '2021-01-26 11:19:18');
INSERT INTO `sys_permission` VALUES (5, '删除用户', '/users', 'DELETE', '2020-10-16 17:05:38', '2021-01-26 11:19:20');
INSERT INTO `sys_permission` VALUES (6, '查询用户', '/api/v1/users', 'GET', '2021-01-27 14:01:05', '2021-01-27 14:30:50');
INSERT INTO `sys_permission` VALUES (7, '添加权限', '/api/v1/permissions', 'POST', '2021-02-02 14:24:19', '2021-02-02 14:24:19');
INSERT INTO `sys_permission` VALUES (8, '消费者测试', '/consumer/test/', 'GET', '2022-02-19 12:40:16', '2022-02-19 14:49:05');
INSERT INTO `sys_permission` VALUES (9, '提供方测试', '/provider/test/', 'GET', '2022-02-19 21:17:34', '2022-02-19 21:17:51');

-- ----------------------------
-- Table structure for sys_role
-- ----------------------------
DROP TABLE IF EXISTS `sys_role`;
CREATE TABLE `sys_role`  (
  `id` bigint(20) UNSIGNED NOT NULL AUTO_INCREMENT,
  `role_name` varchar(255) CHARACTER SET utf8 COLLATE utf8_general_ci NOT NULL,
  `role_name_zh` varchar(255) CHARACTER SET utf8 COLLATE utf8_general_ci NOT NULL,
  `gmt_create` datetime(0) NULL DEFAULT CURRENT_TIMESTAMP(0),
  `gmt_modified` datetime(0) NULL DEFAULT CURRENT_TIMESTAMP(0) ON UPDATE CURRENT_TIMESTAMP(0),
  PRIMARY KEY (`id`) USING BTREE
) ENGINE = InnoDB AUTO_INCREMENT = 760526706111279106 CHARACTER SET = utf8 COLLATE = utf8_general_ci COMMENT = '角色表' ROW_FORMAT = DYNAMIC;

-- ----------------------------
-- Records of sys_role
-- ----------------------------
INSERT INTO `sys_role` VALUES (1, 'ROLE_SUPER_ADMIN', '系统管理员', '2020-09-29 15:41:36', '2021-01-26 11:10:53');
INSERT INTO `sys_role` VALUES (760526706111279105, 'ROLE_admin', '管理员', '2021-02-02 09:24:39', '2021-02-02 09:24:39');

-- ----------------------------
-- Table structure for sys_role_menu
-- ----------------------------
DROP TABLE IF EXISTS `sys_role_menu`;
CREATE TABLE `sys_role_menu`  (
  `id` bigint(20) UNSIGNED NOT NULL AUTO_INCREMENT,
  `role_id` bigint(20) UNSIGNED NULL DEFAULT NULL,
  `menu_id` bigint(20) UNSIGNED NULL DEFAULT NULL,
  PRIMARY KEY (`id`) USING BTREE,
  UNIQUE INDEX `uk_role_menu`(`role_id`, `menu_id`) USING BTREE
) ENGINE = InnoDB AUTO_INCREMENT = 11 CHARACTER SET = utf8 COLLATE = utf8_general_ci ROW_FORMAT = DYNAMIC;

-- ----------------------------
-- Records of sys_role_menu
-- ----------------------------
INSERT INTO `sys_role_menu` VALUES (1, 1, 1);
INSERT INTO `sys_role_menu` VALUES (2, 1, 2);
INSERT INTO `sys_role_menu` VALUES (3, 1, 3);
INSERT INTO `sys_role_menu` VALUES (4, 1, 4);
INSERT INTO `sys_role_menu` VALUES (5, 1, 5);
INSERT INTO `sys_role_menu` VALUES (6, 1, 6);
INSERT INTO `sys_role_menu` VALUES (7, 1, 7);
INSERT INTO `sys_role_menu` VALUES (8, 1, 8);
INSERT INTO `sys_role_menu` VALUES (9, 1, 12);
INSERT INTO `sys_role_menu` VALUES (10, 1, 13);

-- ----------------------------
-- Table structure for sys_role_permission
-- ----------------------------
DROP TABLE IF EXISTS `sys_role_permission`;
CREATE TABLE `sys_role_permission`  (
  `id` bigint(20) UNSIGNED NOT NULL AUTO_INCREMENT,
  `role_id` bigint(20) UNSIGNED NULL DEFAULT NULL,
  `permission_id` bigint(20) UNSIGNED NULL DEFAULT NULL,
  PRIMARY KEY (`id`) USING BTREE,
  UNIQUE INDEX `uk_role_menu`(`role_id`, `permission_id`) USING BTREE
) ENGINE = InnoDB AUTO_INCREMENT = 10 CHARACTER SET = utf8 COLLATE = utf8_general_ci ROW_FORMAT = DYNAMIC;

-- ----------------------------
-- Records of sys_role_permission
-- ----------------------------
INSERT INTO `sys_role_permission` VALUES (1, 1, 1);
INSERT INTO `sys_role_permission` VALUES (2, 1, 2);
INSERT INTO `sys_role_permission` VALUES (3, 1, 3);
INSERT INTO `sys_role_permission` VALUES (4, 1, 4);
INSERT INTO `sys_role_permission` VALUES (5, 1, 5);
INSERT INTO `sys_role_permission` VALUES (6, 1, 6);
INSERT INTO `sys_role_permission` VALUES (7, 1, 7);
INSERT INTO `sys_role_permission` VALUES (8, 1, 8);
INSERT INTO `sys_role_permission` VALUES (9, 1, 9);

-- ----------------------------
-- Table structure for sys_user
-- ----------------------------
DROP TABLE IF EXISTS `sys_user`;
CREATE TABLE `sys_user`  (
  `id` bigint(20) UNSIGNED NOT NULL AUTO_INCREMENT,
  `username` varchar(255) CHARACTER SET utf8 COLLATE utf8_general_ci NOT NULL COMMENT '账号名',
  `nickname` varchar(255) CHARACTER SET utf8 COLLATE utf8_general_ci NOT NULL COMMENT '用户姓名',
  `password` varchar(255) CHARACTER SET utf8 COLLATE utf8_general_ci NOT NULL COMMENT '密码',
  `state` tinyint(4) UNSIGNED NOT NULL DEFAULT 0 COMMENT '状态，0-可用，1-禁用',
  `delete_at` bigint(20) NOT NULL DEFAULT 0 COMMENT '删除标志位，0-未删除，非0时为删除时间的毫秒数',
  `gmt_create` datetime(0) NULL DEFAULT CURRENT_TIMESTAMP(0),
  `gmt_modified` datetime(0) NULL DEFAULT CURRENT_TIMESTAMP(0) ON UPDATE CURRENT_TIMESTAMP(0),
  PRIMARY KEY (`id`) USING BTREE,
  UNIQUE INDEX `uk_username`(`username`, `delete_at`) USING BTREE
) ENGINE = InnoDB AUTO_INCREMENT = 2 CHARACTER SET = utf8 COLLATE = utf8_general_ci COMMENT = '用户表' ROW_FORMAT = DYNAMIC;

-- ----------------------------
-- Records of sys_user
-- ----------------------------
INSERT INTO `sys_user` VALUES (1, 'admin', '管理员', '$2a$10$VFx9IgNCFoNtDzK9MlqRV.bX0PhBZZi5Dsq2FzHNbKGQrcL7tb7mW', 0, 0, '2020-09-28 15:06:07', '2021-01-26 11:20:32');

-- ----------------------------
-- Table structure for sys_user_role
-- ----------------------------
DROP TABLE IF EXISTS `sys_user_role`;
CREATE TABLE `sys_user_role`  (
  `id` bigint(20) UNSIGNED NOT NULL AUTO_INCREMENT,
  `user_id` bigint(20) UNSIGNED NOT NULL,
  `role_id` bigint(20) UNSIGNED NOT NULL,
  PRIMARY KEY (`id`) USING BTREE,
  UNIQUE INDEX `uk_user_role`(`user_id`, `role_id`) USING BTREE
) ENGINE = InnoDB AUTO_INCREMENT = 2 CHARACTER SET = utf8 COLLATE = utf8_general_ci COMMENT = '用户与角色关联表' ROW_FORMAT = DYNAMIC;

-- ----------------------------
-- Records of sys_user_role
-- ----------------------------
INSERT INTO `sys_user_role` VALUES (1, 1, 1);

SET FOREIGN_KEY_CHECKS = 1;
